[
  { "code": "", "name": "Mrs Gargi Pachauri" },
  { "code": "", "name": "Prof.(Dr.) Iti Roychowdhury" },
  { "code": "", "name": "Maj. Gen. Rajinder Kumar (Retd)" },
  { "code": "", "name": "Mr. Kaustubh Das" },
  { "code": "", "name": "Prof. Dr. Manoj Kumar Mishra" },
  { "code": "", "name": "Prof.(Dr.) Vikas Shrivastava" },
  { "code": "", "name": "Prof.(Dr.) Raghavendra Sharma" },
  { "code": "", "name": "Dr Rajendra Kumar Sharma" },
  { "code": "", "name": "Prof.(Dr.) Kuldeep Singh" },
  { "code": "", "name": "Prof.(Dr.) Anshul Gangele" },
  { "code": "", "name": "Prof.(Dr.) Vikas Thada" },
  { "code": "", "name": "Prof. Dr. Mukesh Singh Sikarwar" },
  { "code": "", "name": "Prof. Dr. Neeraj Mishra" },
  { "code": "", "name": "Prof. Dr. Naveen Sharma" },
  { "code": "", "name": "Prof. Dr. Ram Babu Tripathi" },
  { "code": "", "name": "Dr Chandra Shekhar Raghuvanshi" },
  { "code": "", "name": "Dr Ganesh Gupta" },
  { "code": "", "name": "Ms Anshu Singh Choudhary" },
  { "code": "", "name": "Prof.(Dr.) Novrattan Sharma" },
  { "code": "", "name": "Dr Shivanand Virupaksha Sanmath" },
  { "code": "", "name": "Dr Navita Nathani" },
  { "code": "", "name": "Dr Bhupendra Kumar" },
  { "code": "", "name": "Prof.(Dr.) Raghvendra Kumar Mishra" },
  { "code": "", "name": "Dr Raghvendra Saxena" },
  { "code": "", "name": "Dr. Swapnil Rai" },
  { "code": "", "name": "Prof.(Dr.) Pankaj Kumar Mishra" },
  { "code": "", "name": "Prof.(Dr.) Kuldip Dwivedi" },
  { "code": "", "name": "Dr. Santosh Kumar Sharma" },
  { "code": "", "name": "Prof.(Dr.) Vinay Dwivedi" },
  { "code": "", "name": "Dr. Javeed Ahmad Bhat" },
  { "code": "", "name": "Dr. Rachana Kathal" },
  { "code": "", "name": "Dr. Hemant Kumar Soni" },
  { "code": "", "name": "Dr. Dinesh Sharma" },
  { "code": "", "name": "Ar. Sudheer Singh Sikarwar" },
  { "code": "", "name": "Dr. Nasir Khan" },
  { "code": "", "name": "Dr. Anurag Jyoti" },
  { "code": "", "name": "Dr. Manish Kumar" },
  { "code": "", "name": "Dr. Zeba Siddiqui" },
  { "code": "", "name": "Dr. Saroj Choudhary" },
  { "code": "", "name": "Dr. Alok Jain" },
  { "code": "", "name": "Dr. Manisha Singh" },
  { "code": "", "name": "Dr. Narendra Kumar Garg" },
  { "code": "", "name": "Dr. Rinkoo Anand Bhatia" },
  { "code": "", "name": "Dr. Astha Joshi" },
  { "code": "", "name": "Dr. Rajiv Kumar Dwivedi" },
  { "code": "", "name": "Dr. Ashok Kumar Shrivastava" },
  { "code": "", "name": "Dr. Devendra Kumar Mishra" },
  { "code": "", "name": "Dr. Bishakha Mandal" },
  { "code": "", "name": "Dr. Sanjiv Singh Bhadauria" },
  { "code": "", "name": "Dr. Rwitabrata Mallick" },
  { "code": "", "name": "Dr. Deepak Kumar" },
  { "code": "", "name": "Dr. Neha Sharma" },
  { "code": "", "name": "Dr. Girraj Kumar Verma" },
  { "code": "", "name": "Dr. Mahakavi P" },
  { "code": "", "name": "Dr. Vimal Kumar Gupta" },
  { "code": "", "name": "Dr. Deepak Motawani" },
  { "code": "", "name": "Dr. Kapil Sharma" },
  { "code": "", "name": "Dr. Shweta Saxena" },
  { "code": "", "name": "Dr. Manish Gupta" },
  { "code": "", "name": "Dr. Arif Hasan" },
  { "code": "", "name": "Dr. Shyam Sunder Gupta" },
  { "code": "", "name": "Dr. Shaifali Garg" },
  { "code": "", "name": "Dr. Pooja Jain" },
  { "code": "", "name": "Dr. Rajeev Goyal" },
  { "code": "", "name": "Dr. Daniel Arockiam" },
  { "code": "", "name": "Dr. Ajit Kumar Singh" },
  { "code": "", "name": "Dr. Kishan Singh Rathore" },
  { "code": "", "name": "Dr. Pranshuman Parashar" },
  { "code": "", "name": "Dr. Ghanshyam Prasad Dubey" },
  { "code": "", "name": "Dr. Sonia Srivastava" },
  { "code": "", "name": "Dr. Raman Singh" },
  { "code": "", "name": "Dr. Aditya Kumar Shukla" },
    { "code": "", "name": "Dr. Madhavi Dhingra" },
  { "code": "", "name": "Dr. Anuj Kumar Singh" },
  { "code": "", "name": "Dr. Aakash Gupta" },
  { "code": "", "name": "Dr. Sanjum Bedi" },
  { "code": "", "name": "Dr. Anuradha Kushwah" },
  { "code": "", "name": "Dr. Neeraj Kumar Dubey" },
  { "code": "", "name": "Dr. Vikrant H Chole" },
  { "code": "", "name": "Dr. Ashok Kumar" },
  { "code": "", "name": "Dr. Vijay Srivastava" },
  { "code": "", "name": "Dr. Hemant Singh" },
  { "code": "", "name": "Dr. Savita Bhatnagar" },
  { "code": "", "name": "Dr. Samta Jain Goyal" },
  { "code": "", "name": "Dr. Arun Sharma" },
  { "code": "", "name": "Dr. Vikas Pandey" },
  { "code": "", "name": "Dr. Pawan Kumar Gupta" },
  { "code": "", "name": "Dr. Jovita Kanoujia" },
  { "code": "", "name": "Dr. Monika Kaushik" },
  { "code": "", "name": "Dr. Ramakant Joshi" },
  { "code": "", "name": "Mr. Kapil Gupta" },
  { "code": "", "name": "Mr. Talever Singh" },
  { "code": "", "name": "Mr. Hero Khan Pathan" },
  { "code": "", "name": "Mr. Deepesh Parashar" },
  { "code": "", "name": "Ms. Ankita Kishore" },
  { "code": "", "name": "Dr. Zeba Siddiqui" },
   { "code": "", "name": "Dr Jitendra Charan" },
  { "code": "", "name": "Dr. Satya Prakash Awasthi" },
  { "code": "", "name": "Ms. Tulika" },
  { "code": "", "name": "Dr Ashish Sharma" },
  { "code": "", "name": "Dr. Priyansh Samadhiya" },
  { "code": "", "name": "Ms Shreya Singh Parihar" },
  { "code": "", "name": "Mrs Neelam Singh Tomar" },
  { "code": "", "name": "Dr. Isha Tamta" },
  { "code": "", "name": "Dr. Ayesha Mukherjee" },
  { "code": "", "name": "Dr. Priyanka Sikarwar" },
  { "code": "", "name": "Mr Aditya Anand" },
  { "code": "", "name": "Dr. Abhishek Bishnoi" },
  { "code": "", "name": "Dr. Shiv Kant Tiwari" },
  { "code": "", "name": "Mr. K. MUTHUVEL" },
  { "code": "", "name": "Dr. Shally Goyal" },
  { "code": "", "name": "Ar. Manish Kumar Chitranshi" },
  { "code": "", "name": "Dr.Shubhagata Awasthi" },
  { "code": "", "name": "Mr. Nagendra Kumar Sharma" },
  { "code": "", "name": "Ar. Rajeev Parashar" },
  { "code": "", "name": "Dr. Imran Ahmad Khan" },
  { "code": "", "name": "Dr. Ajay Kumar Dadoria" },
  { "code": "", "name": "Mr. Sachin Tiwari" },
  { "code": "", "name": "Dr. Siddharth Sharma" },
  { "code": "", "name": "Dr. Shramita Pandey" },
  { "code": "", "name": "Ms. Shweta Singh" },
  { "code": "", "name": "Dr. Nidhi Shukla" },
  { "code": "", "name": "Dr. Pranav Mishra" },
  { "code": "", "name": "Dr. Rajat Vaish" },
  { "code": "", "name": "Dr. Keerti Sood" },
  { "code": "", "name": "Dr.Sandhya Garg" },
  { "code": "", "name": "Dr. Abhishek Kumar Bhardwaj" },
  { "code": "", "name": "Dr. Ram Kumar" },
  { "code": "", "name": "Dr. Surbhi Tiwari" },
  { "code": "", "name": "Dr.Ritu Raj" },
  { "code": "", "name": "Mr. Bal Kishan" },
  { "code": "", "name": "Dr. Abhilasha Dixit" },
  { "code": "", "name": "Ms. Vartika Saxena" },
  { "code": "", "name": "Ms. Shubhi Bhargava" },
  { "code": "", "name": "Ms. Madhavi Tomar" },
  { "code": "", "name": "Dr. Manish Dubey" },
  { "code": "", "name": "Dr. Gaurav Chhabra" },
  { "code": "", "name": "Ms. Shubhangi Gupta" },
  { "code": "", "name": "Ar. Aditya Bhattacharya" },
  { "code": "", "name": "Dr. Mini Agrawal" },
  { "code": "", "name": "Dr.Udai Prakash Verma" },
  { "code": "", "name": "Dr.Jangjeet Chahal" },
  { "code": "", "name": "Dr. Asha Singh" },
  { "code": "", "name": "Dr. Reetu Kumari" },
  { "code": "", "name": "Mr. Ujjwal Kumar Pathak" },
  { "code": "", "name": "Dr.Archana Sharma" },
  { "code": "", "name": "Dr. Minakshi Tripathi" },
  { "code": "", "name": "Ms.Vidhu Gupta" },
  { "code": "", "name": "Ms. Apeksha Pandey" },
  { "code": "", "name": "Ms. Anshu Dwivedi" },
  { "code": "", "name": "Dr. Gunjan Dwivedi" },
  { "code": "", "name": "Dr. Renu Goyal" },
  { "code": "", "name": "Mr. Ranjan Kumar" },
  { "code": "", "name": "Dr. Rashmita Singh" },
  { "code": "", "name": "Dr. Ritambhra Goswami" },
  { "code": "", "name": "Dr. Vivek Gupta" },
  { "code": "", "name": "Dr. Avaneesh Vaishwar" },
  { "code": "", "name": "Dr. Umesh Gautam" },
  { "code": "", "name": "Dr. Neetu Singh Satsangi" },
  { "code": "", "name": "Ms. Nishtha Parashar" },
  { "code": "", "name": "Dr. Ashish Singh Pareta" },
  { "code": "", "name": "Dr Jhankar Moolchandani" },
  { "code": "", "name": "Ms. Shilpi Yadav" },
  { "code": "", "name": "Dr Ravikant Singh" },
  { "code": "", "name": "Dr. Mrigya Tewari" },
  { "code": "", "name": "Dr. Vidyottama Sharma" },
  { "code": "", "name": "Dr. Vikas Kumar Khare" },
  { "code": "", "name": "Mr. Gourav Kumar Sharma" },
  { "code": "", "name": "Dr. Monika Saxena" },
  { "code": "", "name": "Dr. Akhilesh Panchal" },
  { "code": "", "name": "Dr. Nitesh Kumar Sinha" },
  { "code": "", "name": "Mr. Atul Kumar" },
  { "code": "", "name": "Dr Santosh Sahu" },
  { "code": "", "name": "Dr Devendra Rawat" },
  { "code": "", "name": "Dr. Aarti Dwivedi" },
  { "code": "", "name": "Dr. Susheel Pandey" },
  { "code": "", "name": "Dr. Siddharth R. Dawane" },
  { "code": "", "name": "Dr. Urvashi Khandal" },
  { "code": "", "name": "Dr Shubhangi Gupta" },
  { "code": "", "name": "Dr Jitendra Kumar Gautam" },
  { "code": "", "name": "Dr. Manish Bharadwaj" },
  { "code": "", "name": "Dr. Abhishek Singh" },
  { "code": "", "name": "Dr. Prachi Dixit" },
  { "code": "", "name": "Dr. Sakshi Singh" },
  { "code": "", "name": "Dr. Saurabh Dubey" },
  { "code": "", "name": "Mr. Ashok Kumar Patel" },
  { "code": "", "name": "Mr Kshitij Rana" },
  { "code": "", "name": "Dr. Rajeev Sharma" },
  { "code": "", "name": "Dr. Wasim Akram" },
  { "code": "", "name": "Dr. Narender Kumar" },
  { "code": "", "name": "Dr. Ajay Mahor" },
  { "code": "", "name": "Dr. Devyani Rajput" },
  { "code": "", "name": "Mr. Arvind Singh Jadon" },
  { "code": "", "name": "Dr. Monika Vishwakarma" },
  { "code": "", "name": "Ms Anjali Singh" },
  { "code": "", "name": "Dr. Devanshi Khemaria" },
  { "code": "", "name": "Mr. Ankush Jaswal" },
  { "code": "", "name": "Mrs. Jyotsna Singh" },
  { "code": "", "name": "Dr. Ashish Kumar Rawat" },
  { "code": "", "name": "Ms. Purnima Chauhan" },
  { "code": "", "name": "Dr. Geetanjali Dangi Thakur" },
  { "code": "", "name": "Dr. Shalini Pathak" },
  { "code": "", "name": "Dr REVAR SUKETU JERAMBHAI" },
  { "code": "", "name": "Ms Rituparna Das" },
  { "code": "", "name": "Dr Sarvesh Raj Rocque" },
  { "code": "", "name": "Mr Ashish Tripathi" },
  { "code": "", "name": "Mr Manish Khule" },
  { "code": "", "name": "Mr Sandeep Gupta" },
  { "code": "", "name": "Mr Lokendra Sharma" },
  { "code": "", "name": "Ms Anshita Shukla" },
  { "code": "", "name": "Dr Surendra Singh Parihar" },
  { "code": "", "name": "Ms Anvesha Singh" },
  { "code": "", "name": "Mr Rishav Singh Tomar" },
  { "code": "", "name": "Ms Neha Rai" },
  { "code": "", "name": "Dr. M. Arvindhan" },
  { "code": "", "name": "Dr. Sumit Sharma" },
  { "code": "", "name": "Dr. Chander Shekhar" },
  { "code": "", "name": "Dr. Mragendra Mishra" },
  { "code": "", "name": "Dr. Vishakha" },
  { "code": "", "name": "Dr Nirbhay Singh" },
  { "code": "", "name": "Dr. Santosh Kumar" },
  { "code": "", "name": "Ms. Swati Mehra" },
  { "code": "", "name": "Ms Mansi Trivedi" },
  { "code": "", "name": "Dr. Vikas Sharma" },
  { "code": "", "name": "Dr. Mohammed Shad" },
  { "code": "", "name": "Dr. Varsha Himthani" }
]