[
  { "code": "MAT101", "name": "Applied Mathematics I (Calculus & Linear Algebra)" },
  { "code": "CHE102", "name": "Engineering Chemistry" },
  { "code": "CSE104", "name": "Programming for Problem Solving" },
  { "code": "CIV101", "name": "Basic Civil Engineering & Applied Mechanics" },
  { "code": "CHE122", "name": "Engineering Chemistry Lab" },
  { "code": "CSE124", "name": "Programming for Problem Solving Lab" },
  { "code": "BME124", "name": "Workshop / Manufacturing Practices Lab" },
  { "code": "EVS142", "name": "Environmental Studies I" },
  { "code": "BME101", "name": "Basic Mechanical Engineering" },
  { "code": "BSU143", "name": "Behavioural Science I (Understanding Self)" },
  { "code": "NBCU141", "name": "Communication Skills I" },
  { "code": "FLU144", "name": "French I" },
  { "code": "MAT201", "name": "Applied Mathematics II (ODE & PDE, Transforms)" },
  { "code": "PHY101", "name": "Applied Physics I" },
  { "code": "ECE201", "name": "Basic Electrical & Electronics Engineering" },
  { "code": "CSE204", "name": "Object Oriented Programming using C++" },
  { "code": "PHY121", "name": "Applied Physics Lab I" },
  { "code": "ECE221", "name": "Basic Electrical & Electronics Engg. Lab" },
  { "code": "CSE224", "name": "OOP using C++ Lab" },
  { "code": "BME223", "name": "Engineering Graphics & Design Lab" },
  { "code": "EVS242", "name": "Environmental Studies II" },
  { "code": "BSU243", "name": "Behavioural Science II (Individual, Society & Nation)" },
  { "code": "BCU241", "name": "Communication Skills II" },
  { "code": "FLU244", "name": "French II" },
  { "code": "MAT301", "name": "Applied Mathematics III (Probability, Statistics & Numerical Methods)" },
  { "code": "CSE202", "name": "Data Structures through C++" },
  { "code": "CSE302", "name": "Python Programming" },
  { "code": "CSE304", "name": "Database Management Systems" },
  { "code": "ECE306", "name": "Digital Electronics & Logic Design" },
  { "code": "CSE222", "name": "Data Structures through C++ Lab" },
  { "code": "CSE322", "name": "Python Programming Lab" },
  { "code": "CSE324", "name": "DBMS Lab" },
  { "code": "ECE326", "name": "Digital Electronics & Logic Design Lab" },
  { "code": "NTP330", "name": "Term Paper (Evaluation)" },
  { "code": "BSU343", "name": "Behavioural Science III (Problem Solving & Creative Thinking)" },
  { "code": "NBCU341", "name": "Communication Skills III" },
  { "code": "FLU344", "name": "French III" },
  { "code": "CSE401", "name": "Discrete Mathematics" },
  { "code": "CSE402", "name": "Computer Organization and Architecture" },
  { "code": "IT401", "name": "Formal Languages and Automata Theory" },
  { "code": "IT402", "name": "Cyber Security and Digital Forensics" },
  { "code": "CSE403", "name": "Java Programming" },
  { "code": "CSE404", "name": "Operating Systems" },
  { "code": "CSE423", "name": "Java Programming Lab" },
  { "code": "CSE424", "name": "Operating Systems Lab" },
  { "code": "BSU443", "name": "Behavioural Science IV (Values & Ethics…)" },
  { "code": "BCU441", "name": "Communication Skills IV" },
  { "code": "FLU444", "name": "French IV" },
  { "code": "NPT550", "name": "Industrial Practical Training I (Evaluation)" },
  { "code": "CSE303", "name": "Design and Analysis of Algorithms" },
  { "code": "IT501", "name": "Introduction to Blockchain Technology" },
  { "code": "CSE503", "name": "Introduction to Android Application Development" },
  { "code": "CSE504", "name": "Advanced Java Programming" },
  { "code": "CSE323", "name": "Algorithms Lab" },
  { "code": "CSE523", "name": "Android Development Lab" },
  { "code": "CSE524", "name": "Advanced Java Lab" },
  { "code": "BSU543", "name": "Behavioural Science V (Group Dynamics & Team Building)" },
  { "code": "NBCU541", "name": "Communication Skills V" },
  { "code": "IT601", "name": "Computer Networks" },
  { "code": "CSE602", "name": "Quantitative Aptitude" },
  { "code": "CSE605", "name": "Software Engineering" },
  { "code": "CSE604", "name": "Problem Solving Techniques" },
  { "code": "CSE625", "name": "Software Engineering Lab" },
  { "code": "CSE624", "name": "Problem Solving Techniques Lab" },
  { "code": "NMP660", "name": "Minor Project" },
  { "code": "BSU643", "name": "Behavioural Science VI (Stress & Coping Strategies)" },
  { "code": "BCU641", "name": "Communication Skills VI" },
  { "code": "CSE603", "name": "Internet of Things (IoT) (Elective)" },
  { "code": "CSE623", "name": "IoT Lab (Elective)" },
  { "code": "FLU644", "name": "French VI" },
  { "code": "IT701", "name": "Information Storage and Retrieval" },
  { "code": "IT702", "name": "Cloud Computing and Virtualization" },
  { "code": "CSE703", "name": "Advanced Problem Solving Techniques" },
  { "code": "IT722", "name": "Cloud Computing & Virtualization Lab" },
  { "code": "CSE723", "name": "Advanced Problem Solving Lab" },
  { "code": "NPT750", "name": "Industrial Practical Training II (Evaluation)" },
  { "code": "NMP760", "name": "Major Project I" },
  { "code": "CSE704", "name": "Data Analytics (Elective)" },
  { "code": "CSE724", "name": "Data Analytics Lab (Elective)" },
  { "code": "CSE708", "name": "Compiler Construction (Elective)" },
  { "code": "IT801", "name": "Machine Learning Techniques" },
  { "code": "CSE802", "name": "Software Testing & Quality Assurance" },
  { "code": "IT803", "name": "Cyber Security & Digital Forensics" },
  { "code": "IT821", "name": "Machine Learning Techniques Lab" },
  { "code": "CSE822", "name": "Software Testing & QA Lab" },
  { "code": "NMP860", "name": "Major Project II" },
  { "code": "IT802", "name": "Neural Networks & Fuzzy Logic (Elective)" },
  { "code": "IT822", "name": "Neural Networks & Fuzzy Logic Lab (Elective)" }
]
